Coluna;IBGE Setor
Município-Minas Gerais;1 - Extrativa mineral;2 - Indústria de transformação;3 - Servicos industriais de utilidade pública;4 - Construção Civil;5 - Comércio;6 - Serviços;7 - Administração Pública;8 - Agropecuária, extração vegetal, caça e pesca;Total
310010:MG-ABADIA DOS DOURADOS;27;493;3;98;237;324;274;133;1589
310020:MG-ABAETE;8;523;0;130;973;1036;664;522;3856
310030:MG-ABRE CAMPO;14;93;22;64;458;533;270;168;1622
310040:MG-ACAIACA;37;29;0;4;63;61;228;33;455
310050:MG-ACUCENA;0;7;0;3;62;35;241;77;425
310060:MG-AGUA BOA;0;5;0;4;188;104;382;158;841
310070:MG-AGUA COMPRIDA;13;5;0;0;19;23;140;242;442
310080:MG-AGUANIL;0;178;0;7;60;86;198;89;618
310090:MG-AGUAS FORMOSAS;0;172;0;3;369;476;406;151;1577
310100:MG-AGUAS VERMELHAS;3;16;0;3;242;138;606;214;1222
310110:MG-AIMORES;54;300;27;10;627;802;1014;248;3082
310120:MG-AIURUOCA;1;79;0;4;142;224;165;300;915
310130:MG-ALAGOA;0;31;10;3;48;42;210;42;386
310140:MG-ALBERTINA;0;82;0;3;79;14;205;71;454
310150:MG-ALEM PARAIBA;36;289;54;169;1398;1956;955;214;5071
310160:MG-ALFENAS;39;2500;85;747;4996;8518;3202;1807;21894
310163:MG-ALFREDO VASCONCELOS;2;110;0;72;133;113;194;222;846
310170:MG-ALMENARA;20;124;71;1130;1249;1365;1442;248;5649
310180:MG-ALPERCATA;37;41;0;11;148;119;214;97;667
310190:MG-ALPINOPOLIS;109;333;0;32;714;671;490;285;2634
310200:MG-ALTEROSA;0;160;0;18;356;302;410;155;1401
310205:MG-ALTO CAPARAO;0;8;0;1;142;91;242;27;511
310210:MG-ALTO RIO DOCE;1;80;0;10;181;122;342;70;806
310220:MG-ALVARENGA;0;1;0;1;36;18;292;3;351
310230:MG-ALVINOPOLIS;14;1104;0;25;441;210;347;189;2330
310240:MG-ALVORADA DE MINAS;1;0;0;0;50;16;286;81;434
310250:MG-AMPARO DO SERRA;0;31;0;0;68;30;134;78;341
310260:MG-ANDRADAS;52;3379;7;72;1994;1880;1086;1803;10273
310270:MG-CACHOEIRA DE PAJEU;0;16;0;1;127;132;327;14;617
310280:MG-ANDRELANDIA;0;165;1;10;397;321;515;377;1786
310285:MG-ANGELANDIA;0;31;0;4;90;73;289;307;794
310290:MG-ANTONIO CARLOS;1;590;3;9;174;107;252;336;1472
310300:MG-ANTONIO DIAS;587;342;0;107;207;180;533;207;2163
310310:MG-ANTONIO PRADO DE MINAS;0;0;0;0;8;4;193;19;224
310320:MG-ARACAI;0;180;0;8;16;13;172;48;437
310330:MG-ARACITABA;0;15;0;0;12;8;126;10;171
310340:MG-ARACUAI;156;158;2;176;1021;1378;525;316;3732
310350:MG-ARAGUARI;62;5344;218;1271;5923;7411;2765;1736;24730
310360:MG-ARANTINA;0;38;1;14;41;27;196;4;321
310370:MG-ARAPONGA;0;17;0;4;79;40;307;73;520
310375:MG-ARAPORA;6;438;99;168;380;325;513;797;2726
310380:MG-ARAPUA;0;332;0;9;23;30;132;25;551
310390:MG-ARAUJOS;15;604;20;26;373;234;273;171;1716
310400:MG-ARAXA;194;5298;1;1653;6958;8880;4339;719;28042
310410:MG-ARCEBURGO;1;793;1;20;279;250;306;402;2052
310420:MG-ARCOS;1117;2652;8;484;2364;2951;1012;226;10814
310430:MG-AREADO;0;132;0;55;422;477;347;236;1669
310440:MG-ARGIRITA;0;39;0;1;44;7;224;78;393
310445:MG-ARICANDUVA;0;6;0;0;31;8;226;31;302
310450:MG-ARINOS;2;40;0;10;314;291;375;349;1381
310460:MG-ASTOLFO DUTRA;3;1768;0;23;360;332;509;103;3098
310470:MG-ATALEIA;6;4;0;2;102;307;260;210;891
310480:MG-AUGUSTO DE LIMA;2;59;0;0;67;109;212;109;558
310490:MG-BAEPENDI;8;513;0;122;884;769;691;399;3386
310500:MG-BALDIM;0;107;0;779;101;103;228;136;1454
310510:MG-BAMBUI;15;1318;7;96;875;1098;332;540;4281
310520:MG-BANDEIRA;0;5;0;7;20;8;212;35;287
310530:MG-BANDEIRA DO SUL;3;159;10;2;130;53;173;15;545
310540:MG-BARAO DE COCAIS;324;951;0;880;1312;2143;841;23;6474
310550:MG-BARAO DE MONTE ALTO;0;7;0;6;39;32;342;129;555
310560:MG-BARBACENA;0;4507;22;763;6872;9591;4402;750;26907
310570:MG-BARRA LONGA;1;15;0;5;106;41;202;112;482
310590:MG-BARROSO;114;657;0;33;639;724;481;23;2671
310600:MG-BELA VISTA DE MINAS;359;58;0;3;216;324;355;31;1346
310610:MG-BELMIRO BRAGA;0;181;23;3;24;18;130;191;570
310620:MG-BELO HORIZONTE;1343;49862;22103;112387;156894;541312;317126;2918;1203945
310630:MG-BELO ORIENTE;12;1483;0;429;705;2080;937;1483;7129
310640:MG-BELO VALE;243;13;0;21;176;127;200;86;866
310650:MG-BERILO;0;3;0;2;88;99;287;7;486
310660:MG-BERTOPOLIS;0;0;0;0;11;6;149;47;213
310665:MG-BERIZAL;0;55;0;15;48;8;371;66;563
310670:MG-BETIM;234;40173;848;4542;18313;30725;11529;376;106740
310680:MG-BIAS FORTES;0;13;0;0;20;6;147;42;228
310690:MG-BICAS;2;634;0;269;715;499;257;99;2475
310700:MG-BIQUINHAS;0;0;0;1;55;18;197;36;307
310710:MG-BOA ESPERANCA;15;816;84;132;1968;1571;1159;1551;7296
310720:MG-BOCAINA DE MINAS;0;51;1;5;64;127;183;62;493
310730:MG-BOCAIUVA;4;2223;45;141;1797;1519;1204;840;7773
310740:MG-BOM DESPACHO;23;2466;6;394;3022;3320;1151;987;11369
310750:MG-BOM JARDIM DE MINAS;0;81;0;2;180;224;364;120;971
310760:MG-BOM JESUS DA PENHA;0;3;0;29;98;79;277;198;684
310770:MG-BOM JESUS DO AMPARO;11;27;0;0;256;230;253;223;1000
310780:MG-BOM JESUS DO GALHO;3;3;0;3;247;147;270;113;786
310790:MG-BOM REPOUSO;0;93;0;5;215;94;301;190;898
310800:MG-BOM SUCESSO;3;186;30;45;598;430;417;647;2356
310810:MG-BONFIM;3;74;0;0;146;82;197;33;535
310820:MG-BONFINOPOLIS DE MINAS;0;21;0;0;122;127;296;434;1000
310825:MG-BONITO DE MINAS;0;4;0;0;76;413;3;20;516
310830:MG-BORDA DA MATA;0;1181;3;9;611;327;535;83;2749
310840:MG-BOTELHOS;3;185;0;44;454;658;420;688;2452
310850:MG-BOTUMIRIM;42;40;0;0;32;29;242;6;391
310855:MG-BRASILANDIA DE MINAS;44;80;0;13;306;547;205;328;1523
310860:MG-BRASILIA DE MINAS;8;87;0;90;772;503;1067;56;2583
310870:MG-BRAS PIRES;4;3;0;9;41;19;96;2;174
310880:MG-BRAUNAS;1;2;0;0;61;25;236;20;345
310890:MG-BRAZOPOLIS;0;384;0;5;265;212;372;179;1417
310900:MG-BRUMADINHO;1963;666;5;1330;1176;2712;1889;192;9933
310910:MG-BUENO BRANDAO;0;80;6;0;258;235;380;73;1032
310920:MG-BUENOPOLIS;7;21;0;8;231;152;396;59;874
310925:MG-BUGRE;0;1;0;10;34;9;233;39;326
310930:MG-BURITIS;0;259;0;13;697;607;654;1366;3596
310940:MG-BURITIZEIRO;1;92;35;78;652;441;643;1518;3460
310945:MG-CABECEIRA GRANDE;0;22;13;0;61;29;407;388;920
310950:MG-CABO VERDE;15;132;0;9;272;254;359;573;1614
310960:MG-CACHOEIRA DA PRATA;14;80;0;14;121;31;160;28;448
310970:MG-CACHOEIRA DE MINAS;8;1083;0;16;190;147;333;163;1940
310980:MG-CACHOEIRA DOURADA;0;11;0;2;13;11;329;280;646
310990:MG-CAETANOPOLIS;4;872;0;10;285;437;271;150;2029
311000:MG-CAETE;214;556;0;261;1236;1684;1248;132;5331
311010:MG-CAIANA;5;1;0;2;73;29;195;22;327
311020:MG-CAJURI;0;190;0;0;44;43;190;63;530
311030:MG-CALDAS;223;306;3;13;430;368;276;166;1785
311040:MG-CAMACHO;0;1;0;1;28;13;207;37;287
311050:MG-CAMANDUCAIA;0;2175;14;74;889;1677;621;139;5589
311060:MG-CAMBUI;12;2224;89;76;2000;1316;822;100;6639
311070:MG-CAMBUQUIRA;0;272;0;1;279;246;553;372;1723
311080:MG-CAMPANARIO;0;0;0;0;45;49;191;87;372
311090:MG-CAMPANHA;0;640;69;4;630;591;302;593;2829
311100:MG-CAMPESTRE;3;347;5;256;616;466;641;478;2812
311110:MG-CAMPINA VERDE;3;219;0;14;640;511;484;634;2505
311115:MG-CAMPO AZUL;0;0;0;0;26;6;300;9;341
311120:MG-CAMPO BELO;80;3143;45;451;2694;2915;847;334;10509
311130:MG-CAMPO DO MEIO;1;141;0;7;243;188;377;460;1417
311140:MG-CAMPO FLORIDO;0;848;3;10;172;175;444;846;2498
311150:MG-CAMPOS ALTOS;0;37;0;12;511;358;417;867;2202
311160:MG-CAMPOS GERAIS;0;247;1;23;854;640;824;1201;3790
311170:MG-CANAA;0;6;0;3;59;23;221;59;371
311180:MG-CANAPOLIS;0;972;0;0;283;285;298;344;2182
311190:MG-CANA VERDE;0;172;0;5;77;82;209;68;613
311200:MG-CANDEIAS;20;607;20;25;368;450;548;329;2367
311205:MG-CANTAGALO;0;58;0;19;46;11;272;32;438
311210:MG-CAPARAO;0;6;0;3;77;62;236;14;398
311220:MG-CAPELA NOVA;0;28;0;0;127;22;278;26;481
311230:MG-CAPELINHA;0;674;5;174;1567;1737;931;469;5557
311240:MG-CAPETINGA;0;245;0;1;138;184;231;390;1189
311250:MG-CAPIM BRANCO;2;137;0;22;152;125;256;157;851
311260:MG-CAPINOPOLIS;5;711;0;12;532;355;482;381;2478
311265:MG-CAPITAO ANDRADE;0;4;0;10;44;35;242;34;369
311270:MG-CAPITAO ENEAS;0;1395;4;6;229;242;538;366;2780
311280:MG-CAPITOLIO;4;238;1;45;406;938;341;122;2095
311290:MG-CAPUTIRA;1;7;0;4;95;37;323;69;536
311300:MG-CARAI;24;30;0;0;152;55;677;57;995
311310:MG-CARANAIBA;15;0;0;6;22;5;184;35;267
311320:MG-CARANDAI;23;748;0;38;771;819;812;694;3905
311330:MG-CARANGOLA;3;261;91;69;1419;2005;703;131;4682
311340:MG-CARATINGA;163;1859;2;949;5577;7764;2269;465;19048
311350:MG-CARBONITA;0;30;0;40;220;654;228;196;1368
311360:MG-CAREACU;20;143;24;25;201;164;219;196;992
311370:MG-CARLOS CHAGAS;0;522;13;23;353;550;427;822;2710
311380:MG-CARMESIA;0;0;17;0;37;46;157;10;267
311390:MG-CARMO DA CACHOEIRA;0;51;0;41;374;276;415;1326;2483
311400:MG-CARMO DA MATA;0;1021;40;21;309;160;336;307;2194
311410:MG-CARMO DE MINAS;7;86;0;31;515;263;267;997;2166
311420:MG-CARMO DO CAJURU;69;1745;38;336;834;1310;9;464;4805
311430:MG-CARMO DO PARANAIBA;25;727;0;97;1394;856;775;1023;4897
311440:MG-CARMO DO RIO CLARO;28;308;0;39;823;798;473;1012;3481
311450:MG-CARMOPOLIS DE MINAS;4;1027;5;20;837;817;486;310;3506
311455:MG-CARNEIRINHO;0;907;0;3;194;108;458;458;2128
311460:MG-CARRANCAS;0;44;0;6;73;135;212;174;644
311470:MG-CARVALHOPOLIS;0;68;0;4;27;17;216;40;372
311480:MG-CARVALHOS;0;57;2;2;111;55;152;48;427
311490:MG-CASA GRANDE;0;0;0;0;21;5;185;57;268
311500:MG-CASCALHO RICO;4;60;0;0;31;16;209;219;539
311510:MG-CASSIA;37;272;1;18;633;696;387;585;2629
311520:MG-CONCEICAO DA BARRA DE MINAS;6;0;0;0;38;37;151;24;256
311530:MG-CATAGUASES;75;3221;1455;396;3158;4740;1787;280;15112
311535:MG-CATAS ALTAS;493;9;0;22;111;96;401;18;1150
311540:MG-CATAS ALTAS DA NORUEGA;0;157;0;11;25;6;241;38;478
311545:MG-CATUJI;0;11;0;0;316;68;311;32;738
311547:MG-CATUTI;0;0;0;0;21;8;255;1;285
311550:MG-CAXAMBU;9;175;8;52;1009;1106;679;140;3178
311560:MG-CEDRO DO ABAETE;0;0;0;0;0;10;154;11;175
311570:MG-CENTRAL DE MINAS;0;6;15;13;194;66;129;11;434
311580:MG-CENTRALINA;0;25;0;2;266;145;211;139;788
311590:MG-CHACARA;0;45;0;23;29;37;91;73;298
311600:MG-CHALE;0;12;0;5;80;39;265;3;404
311610:MG-CHAPADA DO NORTE;4;5;0;1;97;14;314;1;436
311615:MG-CHAPADA GAUCHA;0;7;0;2;296;111;280;216;912
311620:MG-CHIADOR;0;0;0;1;18;38;104;65;226
311630:MG-CIPOTANEA;0;3;0;34;34;53;217;5;346
311640:MG-CLARAVAL;0;423;0;2;86;22;178;61;772
311650:MG-CLARO DOS POCOES;0;18;0;11;87;58;287;129;590
311660:MG-CLAUDIO;26;4975;1;251;1511;1914;578;321;9577
311670:MG-COIMBRA;0;129;0;26;275;87;149;182;848
311680:MG-COLUNA;0;23;0;0;171;87;217;34;532
311690:MG-COMENDADOR GOMES;1;1;0;1;50;21;261;1925;2260
311700:MG-COMERCINHO;2;1;0;0;47;31;267;8;356
311710:MG-CONCEICAO DA APARECIDA;1;42;2;10;261;230;330;184;1060
311720:MG-CONCEICAO DAS PEDRAS;0;14;0;0;21;14;169;29;247
311730:MG-CONCEICAO DAS ALAGOAS;9;2014;0;52;764;647;730;703;4919
311740:MG-CONCEICAO DE IPANEMA;13;0;0;0;25;31;181;6;256
311750:MG-CONCEICAO DO MATO DENTRO;1667;70;57;1105;581;1477;1015;129;6101
311760:MG-CONCEICAO DO PARA;540;730;0;5;61;72;269;182;1859
311770:MG-CONCEICAO DO RIO VERDE;8;227;0;59;408;233;368;816;2119
311780:MG-CONCEICAO DOS OUROS;0;1400;0;14;266;143;361;47;2231
311783:MG-CONEGO MARINHO;0;0;5;0;25;7;313;4;354
311787:MG-CONFINS;0;302;0;62;254;3127;400;17;4162
311790:MG-CONGONHAL;26;420;0;25;308;151;343;39;1312
311800:MG-CONGONHAS;6548;1379;0;717;1836;3627;2495;42;16644
311810:MG-CONGONHAS DO NORTE;1;2;0;3;60;14;183;12;275
311820:MG-CONQUISTA;0;492;1;3;122;170;353;165;1306
311830:MG-CONSELHEIRO LAFAIETE;120;1485;40;662;6699;9081;2837;594;21518
311840:MG-CONSELHEIRO PENA;85;217;55;5;549;418;377;173;1879
311850:MG-CONSOLACAO;0;11;0;0;12;3;99;27;152
311860:MG-CONTAGEM;297;45470;525;8147;60933;66073;11643;167;193255
311870:MG-COQUEIRAL;0;147;14;10;176;182;213;508;1250
311880:MG-CORACAO DE JESUS;2;78;0;30;343;207;519;124;1303
311890:MG-CORDISBURGO;0;42;0;6;113;221;228;166;776
311900:MG-CORDISLANDIA;3;22;0;1;19;36;128;166;375
311910:MG-CORINTO;38;475;1;14;796;545;592;413;2874
311920:MG-COROACI;0;1;0;0;104;51;324;57;537
311930:MG-COROMANDEL;140;593;0;179;1297;1019;719;1611;5558
311940:MG-CORONEL FABRICIANO;0;1315;1;740;4822;5792;1862;28;14560
311950:MG-CORONEL MURTA;29;118;0;17;75;48;307;22;616
311960:MG-CORONEL PACHECO;0;119;0;7;35;44;103;56;364
311970:MG-CORONEL XAVIER CHAVES;0;30;0;51;58;38;150;154;481
311980:MG-CORREGO DANTA;0;22;0;0;132;115;194;85;548
311990:MG-CORREGO DO BOM JESUS;0;19;0;0;50;24;171;15;279
311995:MG-CORREGO FUNDO;16;646;0;9;190;151;268;68;1348
312000:MG-CORREGO NOVO;0;0;0;1;31;11;194;44;281
312010:MG-COUTO DE MAGALHAES DE MINAS;0;8;0;0;322;69;190;73;662
312015:MG-CRISOLITA;0;0;0;0;23;5;227;123;378
312020:MG-CRISTAIS;0;1712;0;9;278;210;330;431;2970
312030:MG-CRISTALIA;1;2;0;0;34;47;243;134;461
312040:MG-CRISTIANO OTONI;69;38;7;24;127;75;211;63;614
312050:MG-CRISTINA;0;594;0;0;176;185;285;238;1478
312060:MG-CRUCILANDIA;0;66;0;13;124;146;305;20;674
312070:MG-CRUZEIRO DA FORTALEZA;0;44;0;8;135;54;295;205;741
312080:MG-CRUZILIA;0;1017;0;20;592;404;489;289;2811
312083:MG-CUPARAQUE;0;12;0;0;105;14;347;21;499
312087:MG-CURRAL DE DENTRO;27;2;0;0;35;22;260;119;465
312090:MG-CURVELO;181;3338;1;548;4260;6269;1883;1304;17784
312100:MG-DATAS;2;15;0;0;66;20;229;139;471
312110:MG-DELFIM MOREIRA;5;196;0;3;116;138;241;162;861
312120:MG-DELFINOPOLIS;0;14;1;4;188;124;395;1140;1866
312125:MG-DELTA;4;2304;0;7;397;242;538;66;3558
312130:MG-DESCOBERTO;0;321;0;3;66;32;239;76;737
312140:MG-DESTERRO DE ENTRE RIOS;335;41;0;7;172;134;133;37;859
312150:MG-DESTERRO DO MELO;0;7;0;0;52;19;178;42;298
312160:MG-DIAMANTINA;254;144;0;289;2243;4448;1618;222;9218
312170:MG-DIOGO DE VASCONCELOS;0;0;0;2;32;13;105;15;167
312180:MG-DIONISIO;0;47;0;19;103;156;408;42;775
312190:MG-DIVINESIA;2;131;0;22;52;72;94;36;409
312200:MG-DIVINO;0;76;20;20;548;441;452;35;1592
312210:MG-DIVINO DAS LARANJEIRAS;6;1;0;4;63;33;313;38;458
312220:MG-DIVINOLANDIA DE MINAS;13;23;3;0;120;46;156;14;375
312230:MG-DIVINOPOLIS;52;12497;91;1533;14489;21890;3905;749;55206
312235:MG-DIVISA ALEGRE;5;230;0;0;121;59;242;7;664
312240:MG-DIVISA NOVA;0;10;1;0;109;81;233;158;592
312245:MG-DIVISOPOLIS;0;6;0;0;51;35;236;34;362
312247:MG-DOM BOSCO;2;0;0;0;31;13;143;75;264
312250:MG-DOM CAVATI;0;60;0;2;124;90;291;18;585
312260:MG-DOM JOAQUIM;0;5;0;1;87;39;246;28;406
312270:MG-DOM SILVERIO;2;354;0;2;184;107;162;74;885
312280:MG-DOM VICOSO;0;0;0;2;19;17;147;91;276
312290:MG-DONA EUSEBIA;0;117;0;2;288;81;277;93;858
312300:MG-DORES DE CAMPOS;17;1914;20;26;296;175;199;17;2664
312310:MG-DORES DE GUANHAES;155;0;0;0;100;31;304;43;633
312320:MG-DORES DO INDAIA;0;406;0;29;408;490;287;299;1919
312330:MG-DORES DO TURVO;0;21;0;0;51;14;228;66;380
312340:MG-DORESOPOLIS;18;55;0;0;5;32;149;32;291
312350:MG-DOURADOQUARA;0;50;0;2;12;14;175;41;294
312352:MG-DURANDE;5;3;0;9;90;38;271;15;431
312360:MG-ELOI MENDES;0;1300;2;183;1277;982;737;850;5331
312370:MG-ENGENHEIRO CALDAS;2;301;0;6;313;138;609;118;1487
312380:MG-ENGENHEIRO NAVARRO;0;28;0;5;100;123;237;130;623
312385:MG-ENTRE FOLHAS;1;45;0;2;60;47;182;12;349
312390:MG-ENTRE RIOS DE MINAS;16;139;0;39;634;450;331;206;1815
312400:MG-ERVALIA;36;488;1;35;608;380;680;137;2365
312410:MG-ESMERALDAS;134;581;1;153;1418;1994;1442;653;6376
312420:MG-ESPERA FELIZ;29;159;0;40;1099;772;793;113;3005
312430:MG-ESPINOSA;0;714;0;22;746;331;970;23;2806
312440:MG-ESPIRITO SANTO DO DOURADO;0;230;0;0;62;40;256;72;660
312450:MG-ESTIVA;1;204;1;22;489;587;289;117;1710
312460:MG-ESTRELA DALVA;0;1;0;0;40;10;180;67;298
312470:MG-ESTRELA DO INDAIA;0;3;0;1;77;41;202;136;460
312480:MG-ESTRELA DO SUL;1;317;0;10;119;64;210;320;1041
312490:MG-EUGENOPOLIS;0;515;0;45;212;106;222;91;1191
312500:MG-EWBANK DA CAMARA;0;108;0;6;40;28;148;14;344
312510:MG-EXTREMA;10;10822;25;203;5920;8639;996;56;26671
312520:MG-FAMA;0;2;0;3;20;19;138;71;253
312530:MG-FARIA LEMOS;1;92;0;3;22;14;132;159;423
312540:MG-FELICIO DOS SANTOS;3;8;0;0;93;20;257;38;419
312550:MG-SAO GONCALO DO RIO PRETO;9;26;0;0;35;18;232;33;353
312560:MG-FELISBURGO;4;10;0;0;73;76;405;55;623
312570:MG-FELIXLANDIA;5;64;0;4;390;667;540;465;2135
312580:MG-FERNANDES TOURINHO;0;4;0;1;40;27;141;92;305
312590:MG-FERROS;7;46;0;7;182;151;309;202;904
312595:MG-FERVEDOURO;0;42;12;11;189;74;234;53;615
312600:MG-FLORESTAL;0;98;0;48;218;339;227;335;1265
312610:MG-FORMIGA;27;3148;15;2569;4292;6151;1798;880;18880
312620:MG-FORMOSO;10;0;0;0;116;23;309;296;754
312630:MG-FORTALEZA DE MINAS;32;4;0;34;41;41;234;105;491
312640:MG-FORTUNA DE MINAS;33;31;0;7;50;28;168;117;434
312650:MG-FRANCISCO BADARO;0;1;0;0;87;41;161;2;292
312660:MG-FRANCISCO DUMONT;0;29;0;2;62;57;271;188;609
312670:MG-FRANCISCO SA;7;53;44;24;569;379;892;405;2373
312675:MG-FRANCISCOPOLIS;126;5;0;24;75;11;280;39;560
312680:MG-FREI GASPAR;1;7;0;0;46;12;272;148;486
312690:MG-FREI INOCENCIO;0;7;0;1;253;172;330;157;920
312695:MG-FREI LAGONEGRO;0;0;0;0;11;4;186;5;206
312700:MG-FRONTEIRA;28;44;76;4;348;596;810;39;1945
312705:MG-FRONTEIRA DOS VALES;0;0;0;0;13;6;177;23;219
312707:MG-FRUTA DE LEITE;4;0;0;3;24;6;262;2;301
312710:MG-FRUTAL;11;2959;5;125;3249;3000;1594;1507;12450
312720:MG-FUNILANDIA;0;38;0;91;73;64;263;193;722
312730:MG-GALILEIA;35;70;16;34;71;63;353;146;788
312733:MG-GAMELEIRAS;0;0;0;0;33;6;283;29;351
312735:MG-GLAUCILANDIA;0;29;0;1;17;7;151;25;230
312737:MG-GOIABEIRA;0;5;9;0;69;35;137;12;267
312738:MG-GOIANA;1;51;0;1;83;95;183;108;522
312740:MG-GONCALVES;3;56;0;24;175;133;145;119;655
312750:MG-GONZAGA;0;1;0;0;70;29;127;12;239
312760:MG-GOUVEIA;155;485;0;6;392;168;520;75;1801
312770:MG-GOVERNADOR VALADARES;97;5488;737;2103;16782;22208;7002;827;55244
312780:MG-GRAO MOGOL;27;277;0;1;220;254;693;313;1785
312790:MG-GRUPIARA;3;0;0;0;3;7;253;25;291
312800:MG-GUANHAES;139;464;58;78;2220;1825;911;996;6691
312810:MG-GUAPE;67;109;24;328;377;374;372;409;2060
312820:MG-GUARACIABA;5;70;20;24;124;797;334;114;1488
312825:MG-GUARACIAMA;0;1;0;3;26;51;274;11;366
312830:MG-GUARANESIA;0;2800;2;7;472;580;633;515;5009
312840:MG-GUARANI;1;269;7;31;192;257;210;206;1173
312850:MG-GUARARA;5;237;0;2;46;16;135;62;503
312860:MG-GUARDA-MOR;13;57;0;6;187;114;334;646;1357
312870:MG-GUAXUPE;0;3281;117;242;4389;3497;1149;951;13626
312880:MG-GUIDOVAL;0;673;0;11;157;84;237;35;1197
312890:MG-GUIMARANIA;0;92;0;1;205;122;279;343;1042
312900:MG-GUIRICEMA;3;376;0;6;232;81;206;23;927
312910:MG-GURINHATA;3;12;0;0;79;36;219;300;649
312920:MG-HELIODORA;0;242;0;1;110;80;166;267;866
312930:MG-IAPU;0;110;0;13;288;132;267;102;912
312940:MG-IBERTIOGA;0;16;0;0;120;61;198;133;528
312950:MG-IBIA;28;409;0;20;829;857;720;1724;4587
312960:MG-IBIAI;7;0;0;3;65;14;308;93;490
312965:MG-IBIRACATU;0;4;0;0;11;7;329;1;352
312970:MG-IBIRACI;19;128;42;1;435;246;304;814;1989
312980:MG-IBIRITE;7;3393;90;2386;3378;2877;5184;26;17341
312990:MG-IBITIURA DE MINAS;0;40;0;0;40;74;167;20;341
313000:MG-IBITURUNA;4;14;0;5;39;43;165;65;335
313005:MG-ICARAI DE MINAS;0;9;0;2;58;24;337;8;438
313010:MG-IGARAPE;16;1407;21;150;1617;2033;1024;89;6357
313020:MG-IGARATINGA;13;1474;0;25;473;324;365;430;3104
313030:MG-IGUATAMA;8;349;26;7;193;259;213;163;1218
313040:MG-IJACI;132;236;24;202;127;420;277;90;1508
313050:MG-ILICINEA;0;642;0;1;281;201;329;374;1828
313055:MG-IMBE DE MINAS;0;11;0;0;53;31;267;98;460
313060:MG-INCONFIDENTES;2;365;0;1;157;103;245;59;932
313065:MG-INDAIABIRA;0;42;0;2;23;10;286;36;399
313070:MG-INDIANOPOLIS;0;564;0;2187;104;124;452;560;3991
313080:MG-INGAI;6;99;0;0;56;26;178;169;534
313090:MG-INHAPIM;0;137;10;27;827;545;967;101;2614
313100:MG-INHAUMA;61;234;0;27;137;159;228;289;1135
313110:MG-INIMUTABA;0;136;0;6;123;88;109;268;730
313115:MG-IPABA;0;122;0;19;269;245;581;69;1305
313120:MG-IPANEMA;21;195;24;53;747;384;454;61;1939
313130:MG-IPATINGA;28;13367;25;7577;14189;23336;6652;78;65252
313140:MG-IPIACU;0;156;0;0;54;17;183;663;1073
313150:MG-IPUIUNA;0;120;0;16;288;298;273;213;1208
313160:MG-IRAI DE MINAS;0;63;0;1;204;165;388;244;1065
313170:MG-ITABIRA;4517;1887;880;4622;5669;10633;2474;266;30948
313180:MG-ITABIRINHA;16;185;0;52;260;164;188;9;874
313190:MG-ITABIRITO;2559;2509;176;4040;2767;3237;3324;145;18757
313200:MG-ITACAMBIRA;3;2;0;1;18;267;217;10;518
313210:MG-ITACARAMBI;0;133;0;1;283;108;831;436;1792
313220:MG-ITAGUARA;2;1023;45;12;690;738;285;104;2899
313230:MG-ITAIPE;0;1;0;0;127;77;331;28;564
313240:MG-ITAJUBA;41;6956;25;530;4740;8104;1819;201;22416
313250:MG-ITAMARANDIBA;0;282;0;208;991;1098;1210;854;4643
313260:MG-ITAMARATI DE MINAS;21;159;0;2;44;62;0;35;323
313270:MG-ITAMBACURI;0;240;7;1;469;459;451;294;1921
313280:MG-ITAMBE DO MATO DENTRO;0;10;0;0;29;99;86;14;238
313290:MG-ITAMOGI;9;190;0;8;425;191;460;337;1620
313300:MG-ITAMONTE;0;1283;0;31;506;592;324;114;2850
313310:MG-ITANHANDU;4;1072;0;35;569;781;384;1220;4065
313320:MG-ITANHOMI;0;40;0;32;284;173;411;45;985
313330:MG-ITAOBIM;12;171;0;15;742;764;406;41;2151
313340:MG-ITAPAGIPE;0;1031;0;0;326;370;478;461;2666
313350:MG-ITAPECERICA;383;1212;2;88;606;703;464;292;3750
313360:MG-ITAPEVA;0;329;0;6;824;392;368;217;2136
313370:MG-ITATIAIUCU;2057;251;0;2;290;380;345;55;3380
313375:MG-ITAU DE MINAS;0;721;2;716;458;708;551;50;3206
313380:MG-ITAUNA;139;9657;30;1287;4904;7316;2253;528;26114
313390:MG-ITAVERAVA;0;59;0;11;66;69;122;30;357
313400:MG-ITINGA;170;23;0;4;88;46;308;45;684
313410:MG-ITUETA;29;29;0;7;79;30;270;17;461
313420:MG-ITUIUTABA;15;4646;130;829;5278;6110;1763;956;19727
313430:MG-ITUMIRIM;0;16;0;1;68;44;191;86;406
313440:MG-ITURAMA;9;3287;19;290;2104;2634;1396;684;10423
313450:MG-ITUTINGA;0;23;10;9;78;94;208;174;596
313460:MG-JABOTICATUBAS;4;182;0;50;676;783;458;166;2319
313470:MG-JACINTO;0;5;0;0;104;99;317;109;634
313480:MG-JACUI;0;171;0;4;152;117;233;261;938
313490:MG-JACUTINGA;9;3254;5;64;1079;918;1040;461;6830
313500:MG-JAGUARACU;13;301;0;21;55;103;183;47;723
313505:MG-JAIBA;19;986;22;75;735;571;979;3662;7049
313507:MG-JAMPRUCA;20;0;8;0;30;21;185;73;337
313510:MG-JANAUBA;18;1700;6;177;3577;3582;1598;1072;11730
313520:MG-JANUARIA;14;295;0;41;1952;928;1460;216;4906
313530:MG-JAPARAIBA;10;184;0;8;49;142;211;36;640
313535:MG-JAPONVAR;0;11;0;7;63;8;355;11;455
313540:MG-JECEABA;7;2084;226;168;93;529;261;21;3389
313545:MG-JENIPAPO DE MINAS;7;1;0;2;48;48;329;0;435
313550:MG-JEQUERI;14;64;0;12;128;141;518;625;1502
313560:MG-JEQUITAI;2;72;0;0;97;117;264;161;713
313570:MG-JEQUITIBA;25;19;3;36;166;97;214;267;827
313580:MG-JEQUITINHONHA;0;31;4;0;357;333;521;350;1596
313590:MG-JESUANIA;0;32;2;0;52;114;185;262;647
313600:MG-JOAIMA;9;17;0;2;139;206;626;185;1184
313610:MG-JOANESIA;0;0;0;32;39;20;275;2;368
313620:MG-JOAO MONLEVADE;0;2544;227;3445;4644;6204;1739;17;18820
313630:MG-JOAO PINHEIRO;13;3903;4;590;2198;3271;1355;2672;14006
313640:MG-JOAQUIM FELICIO;0;76;0;0;25;38;190;84;413
313650:MG-JORDANIA;0;1;0;0;99;99;381;128;708
313652:MG-JOSE GONCALVES DE MINAS;0;0;0;1;39;9;260;4;313
313655:MG-JOSE RAYDAN;0;93;0;0;59;9;155;19;335
313657:MG-JOSENOPOLIS;0;0;0;0;19;13;237;359;628
313660:MG-NOVA UNIAO;50;47;0;15;114;36;229;123;614
313665:MG-JUATUBA;0;2889;30;59;759;1722;1249;57;6765
313670:MG-JUIZ DE FORA;82;18602;882;5470;30935;72221;11758;1121;141071
313680:MG-JURAMENTO;0;2;0;2;35;23;134;97;293
313690:MG-JURUAIA;0;1385;0;8;400;207;310;94;2404
313695:MG-JUVENILIA;0;6;0;0;18;5;320;34;383
313700:MG-LADAINHA;9;0;0;0;87;38;481;53;668
313710:MG-LAGAMAR;45;74;0;1;156;120;134;196;726
313720:MG-LAGOA DA PRATA;8;4336;130;159;3129;3115;1107;271;12255
313730:MG-LAGOA DOS PATOS;0;11;0;0;28;10;305;41;395
313740:MG-LAGOA DOURADA;0;115;0;11;379;402;509;323;1739
313750:MG-LAGOA FORMOSA;1;449;47;35;610;1024;395;584;3145
313753:MG-LAGOA GRANDE;29;47;17;2;283;223;367;400;1368
313760:MG-LAGOA SANTA;0;3554;19;685;3388;4591;4460;111;16808
313770:MG-LAJINHA;6;146;0;21;583;521;920;91;2288
313780:MG-LAMBARI;0;572;20;24;779;610;197;93;2295
313790:MG-LAMIM;0;20;0;12;65;11;121;12;241
313800:MG-LARANJAL;0;184;0;1;89;282;211;53;820
313810:MG-LASSANCE;0;22;1;1;116;22;370;1335;1867
313820:MG-LAVRAS;95;3737;216;830;5998;10045;2635;740;24296
313830:MG-LEANDRO FERREIRA;5;88;0;7;29;21;141;87;378
313835:MG-LEME DO PRADO;0;4;0;12;54;39;228;10;347
313840:MG-LEOPOLDINA;31;1476;0;144;3058;3776;1249;577;10311
313850:MG-LIBERDADE;11;40;0;1;129;62;167;146;556
313860:MG-LIMA DUARTE;9;336;8;60;597;533;609;333;2485
313862:MG-LIMEIRA DO OESTE;0;1359;1;3;235;164;308;168;2238
313865:MG-LONTRA;0;2;0;0;71;22;362;3;460
313867:MG-LUISBURGO;0;28;0;1;49;24;217;15;334
313868:MG-LUISLANDIA;0;1;0;0;42;9;254;4;310
313870:MG-LUMINARIAS;77;61;0;5;171;50;218;290;872
313880:MG-LUZ;0;535;14;36;978;1135;528;512;3738
313890:MG-MACHACALIS;0;16;0;0;56;94;217;63;446
313900:MG-MACHADO;10;2229;67;70;2042;1889;828;1692;8827
313910:MG-MADRE DE DEUS DE MINAS;0;185;0;32;122;78;160;262;839
313920:MG-MALACACHETA;2;71;0;33;258;455;602;62;1483
313925:MG-MAMONAS;0;54;0;2;36;6;223;0;321
313930:MG-MANGA;2;44;0;0;339;303;700;253;1641
313940:MG-MANHUACU;43;2411;156;5667;5038;5974;2608;381;22278
313950:MG-MANHUMIRIM;1;89;0;35;920;1175;668;152;3040
313960:MG-MANTENA;25;1056;52;26;1105;768;657;78;3767
313970:MG-MARAVILHAS;2;601;0;14;255;133;322;142;1469
313980:MG-MAR DE ESPANHA;38;1880;4;19;366;206;324;227;3064
313990:MG-MARIA DA FE;0;233;0;12;314;281;380;135;1355
314000:MG-MARIANA;2412;414;134;3138;2692;5659;2434;98;16981
314010:MG-MARILAC;1;0;0;0;44;23;144;186;398
314015:MG-MARIO CAMPOS;8;232;0;18;376;177;348;134;1293
314020:MG-MARIPA DE MINAS;0;263;0;2;98;123;87;58;631
314030:MG-MARLIERIA;0;23;0;19;91;44;214;93;484
314040:MG-MARMELOPOLIS;0;50;0;0;43;22;150;24;289
314050:MG-MARTINHO CAMPOS;35;292;0;78;581;1672;504;781;3943
314053:MG-MARTINS SOARES;0;71;36;0;142;47;171;19;486
314055:MG-MATA VERDE;10;12;0;0;49;19;216;9;315
314060:MG-MATERLANDIA;0;3;0;4;38;23;153;62;283
314070:MG-MATEUS LEME;54;3048;2;175;938;871;919;357;6364
314080:MG-MATIAS BARBOSA;39;671;1;1238;568;2020;422;119;5078
314085:MG-MATIAS CARDOSO;11;0;0;0;78;74;432;607;1202
314090:MG-MATIPO;45;138;0;65;884;403;49;161;1745
314100:MG-MATO VERDE;9;98;0;64;262;208;307;6;954
314110:MG-MATOZINHOS;3;4071;0;2931;1230;1574;1169;212;11190
314120:MG-MATUTINA;8;73;0;0;57;58;137;89;422
314130:MG-MEDEIROS;0;15;0;7;117;33;238;371;781
314140:MG-MEDINA;136;149;0;1;360;320;436;65;1467
314150:MG-MENDES PIMENTEL;0;28;0;26;92;71;210;22;449
314160:MG-MERCES;9;157;0;3;194;184;253;80;880
314170:MG-MESQUITA;0;0;0;0;38;57;286;9;390
314180:MG-MINAS NOVAS;1;121;0;50;390;431;526;203;1722
314190:MG-MINDURI;0;227;0;0;94;68;154;158;701
314200:MG-MIRABELA;0;22;2;3;240;72;691;46;1076
314210:MG-MIRADOURO;0;16;0;28;311;207;279;118;959
314220:MG-MIRAI;161;1090;0;28;325;328;7;88;2027
314225:MG-MIRAVANIA;0;0;0;0;30;3;249;5;287
314230:MG-MOEDA;0;88;0;4;137;209;70;30;538
314240:MG-MOEMA;6;185;11;3;267;120;231;130;953
314250:MG-MONJOLOS;61;0;3;0;35;4;175;62;340
314260:MG-MONSENHOR PAULO;0;464;7;7;170;253;271;226;1398
314270:MG-MONTALVANIA;0;27;0;3;286;175;482;91;1064
314280:MG-MONTE ALEGRE DE MINAS;0;240;10;37;612;612;801;1117;3429
314290:MG-MONTE AZUL;0;120;0;5;367;293;800;21;1606
314300:MG-MONTE BELO;2;1674;11;48;559;918;425;546;4183
314310:MG-MONTE CARMELO;7;1435;7;114;2908;2108;1364;1596;9539
314315:MG-MONTE FORMOSO;1;0;0;0;28;6;142;9;186
314320:MG-MONTE SANTO DE MINAS;0;648;7;173;814;624;285;1131;3682
314330:MG-MONTES CLAROS;121;13255;80;3947;21723;37199;9986;1765;88076
314340:MG-MONTE SIAO;11;1705;1;15;1034;621;894;189;4470
314345:MG-MONTEZUMA;0;5;0;0;25;88;320;120;558
314350:MG-MORADA NOVA DE MINAS;0;248;0;42;221;341;431;849;2132
314360:MG-MORRO DA GARCA;0;2;0;2;24;51;124;156;359
314370:MG-MORRO DO PILAR;0;4;0;3;41;18;242;16;324
314380:MG-MUNHOZ;0;168;27;5;126;60;165;341;892
314390:MG-MURIAE;55;3934;479;1138;6719;8529;2288;566;23708
314400:MG-MUTUM;22;447;0;20;675;419;651;149;2383
314410:MG-MUZAMBINHO;62;350;2;680;780;829;494;319;3516
314420:MG-NACIP RAYDAN;0;0;0;0;13;5;127;13;158
314430:MG-NANUQUE;17;1283;10;69;1142;1251;1212;448;5432
314435:MG-NAQUE;4;0;0;10;113;131;386;49;693
314437:MG-NATALANDIA;0;1;0;0;33;248;237;43;562
314440:MG-NATERCIA;0;36;0;0;104;77;194;63;474
314450:MG-NAZARENO;317;173;0;179;149;150;396;272;1636
314460:MG-NEPOMUCENO;0;172;97;46;898;685;648;1155;3701
314465:MG-NINHEIRA;4;20;0;3;58;28;479;198;790
314467:MG-NOVA BELEM;0;0;0;1;15;6;121;15;158
314470:MG-NOVA ERA;5;419;0;94;596;1119;425;1326;3984
314480:MG-NOVA LIMA;7440;3346;308;9112;5441;26030;4337;116;56130
314490:MG-NOVA MODICA;0;7;0;4;53;11;196;101;372
314500:MG-NOVA PONTE;1;550;27;31;411;724;418;1191;3353
314505:MG-NOVA PORTEIRINHA;1;75;0;8;56;229;309;624;1302
314510:MG-NOVA RESENDE;0;140;5;39;646;225;478;152;1685
314520:MG-NOVA SERRANA;47;12725;2;293;3645;3258;2502;244;22716
314530:MG-NOVO CRUZEIRO;19;114;0;45;420;358;570;100;1626
314535:MG-NOVO ORIENTE DE MINAS;0;27;0;0;92;81;232;49;481
314537:MG-NOVORIZONTE;0;40;0;9;36;8;169;3;265
314540:MG-OLARIA;0;0;0;19;24;20;243;26;332
314545:MG-OLHOS-D AGUA;106;2;0;2;100;206;312;438;1166
314550:MG-OLIMPIO NORONHA;0;30;0;0;35;22;155;108;350
314560:MG-OLIVEIRA;72;2183;101;318;1909;2365;1086;1452;9486
314570:MG-OLIVEIRA FORTES;3;12;0;0;23;2;146;46;232
314580:MG-ONCA DE PITANGUI;9;1;0;0;8;8;171;214;411
314585:MG-ORATORIOS;26;5;0;32;81;65;215;191;615
314587:MG-ORIZANIA;0;5;0;4;70;41;247;4;371
314590:MG-OURO BRANCO;0;6412;0;601;1562;2614;1322;59;12570
314600:MG-OURO FINO;6;1687;60;62;1713;1389;470;421;5808
314610:MG-OURO PRETO;3616;1225;242;1167;2511;4342;4111;156;17370
314620:MG-OURO VERDE DE MINAS;0;0;0;8;56;25;178;29;296
314625:MG-PADRE CARVALHO;1;8;13;3;56;60;256;71;468
314630:MG-PADRE PARAISO;15;16;2;8;328;299;793;26;1487
314640:MG-PAINEIRAS;0;28;0;0;79;44;250;73;474
314650:MG-PAINS;216;1060;24;5;302;344;449;113;2513
314655:MG-PAI PEDRO;0;6;0;3;15;53;355;23;455
314660:MG-PAIVA;0;1;0;7;30;5;80;13;136
314670:MG-PALMA;2;28;0;4;108;106;327;97;672
314675:MG-PALMOPOLIS;0;0;1;1;35;8;295;26;366
314690:MG-PAPAGAIOS;438;1024;65;20;635;383;486;271;3322
314700:MG-PARACATU;2338;2079;13;1360;4336;6467;1841;4557;22991
314710:MG-PARA DE MINAS;58;8462;150;1285;6376;6211;2967;2448;27957
314720:MG-PARAGUACU;12;1417;31;80;1251;776;500;555;4622
314730:MG-PARAISOPOLIS;6;2125;0;49;714;894;648;186;4622
314740:MG-PARAOPEBA;101;1239;0;111;1161;3586;686;689;7573
314750:MG-PASSABEM;0;0;0;0;9;10;166;15;200
314760:MG-PASSA QUATRO;2;998;0;100;402;810;437;431;3180
314770:MG-PASSA TEMPO;223;293;5;2;305;264;315;227;1634
314780:MG-PASSA-VINTE;0;2;0;0;23;10;224;25;284
314790:MG-PASSOS;21;3283;130;1540;6885;7680;1752;885;22176
314795:MG-PATIS;0;0;0;2;18;8;236;17;281
314800:MG-PATOS DE MINAS;27;7652;177;1846;11343;14066;3148;3938;42197
314810:MG-PATROCINIO;58;3031;12;931;5729;5984;2528;3654;21927
314820:MG-PATROCINIO DO MURIAE;0;274;1;9;109;44;125;58;620
314830:MG-PAULA CANDIDO;0;67;0;15;134;42;229;198;685
314840:MG-PAULISTAS;0;56;0;0;93;34;229;33;445
314850:MG-PAVAO;7;24;0;5;56;90;209;152;543
314860:MG-PECANHA;0;31;0;0;335;262;546;129;1303
314870:MG-PEDRA AZUL;342;20;0;5;367;568;727;155;2184
314875:MG-PEDRA BONITA;0;17;0;1;13;16;197;7;251
314880:MG-PEDRA DO ANTA;18;0;0;15;31;40;164;28;296
314890:MG-PEDRA DO INDAIA;3;316;0;45;70;454;164;73;1125
314900:MG-PEDRA DOURADA;0;9;0;0;20;15;146;4;194
314910:MG-PEDRALVA;1;296;0;7;202;178;311;340;1335
314915:MG-PEDRAS DE MARIA DA CRUZ;2;1;0;0;69;27;307;126;532
314920:MG-PEDRINOPOLIS;0;4;0;4;102;59;275;174;618
314930:MG-PEDRO LEOPOLDO;156;3717;64;683;2534;5473;1891;241;14759
314940:MG-PEDRO TEIXEIRA;0;0;0;0;16;5;122;20;163
314950:MG-PEQUERI;0;254;0;1;53;107;175;99;689
314960:MG-PEQUI;9;150;0;0;54;53;176;188;630
314970:MG-PERDIGAO;0;1282;0;10;251;162;455;101;2261
314980:MG-PERDIZES;16;772;6;26;464;322;646;2230;4482
314990:MG-PERDOES;7;792;33;167;1320;1162;457;263;4201
314995:MG-PERIQUITO;1;31;0;4;80;111;137;75;439
315000:MG-PESCADOR;0;0;0;1;60;56;141;49;307
315010:MG-PIAU;3;38;0;0;28;8;185;95;357
315015:MG-PIEDADE DE CARATINGA;0;21;0;25;174;64;164;92;540
315020:MG-PIEDADE DE PONTE NOVA;0;18;0;0;71;53;218;233;593
315030:MG-PIEDADE DO RIO GRANDE;0;218;0;1;70;55;188;161;693
315040:MG-PIEDADE DOS GERAIS;1;12;0;5;75;37;156;37;323
315050:MG-PIMENTA;1;51;12;11;677;139;303;497;1691
315053:MG-PINGO-D AGUA;0;9;0;0;51;49;370;18;497
315057:MG-PINTOPOLIS;0;12;0;0;60;17;340;29;458
315060:MG-PIRACEMA;31;90;0;4;151;105;211;147;739
315070:MG-PIRAJUBA;0;1629;35;1;84;197;311;541;2798
315080:MG-PIRANGA;15;77;0;1;292;204;433;251;1273
315090:MG-PIRANGUCU;0;118;0;2;70;35;172;65;462
315100:MG-PIRANGUINHO;33;120;0;96;247;156;210;99;961
315110:MG-PIRAPETINGA;0;1159;1;36;280;305;307;93;2181
315120:MG-PIRAPORA;15;3929;99;512;2433;3420;1956;1058;13422
315130:MG-PIRAUBA;43;632;0;71;293;386;280;114;1819
315140:MG-PITANGUI;75;707;0;104;957;1397;517;680;4437
315150:MG-PIUMHI;1;985;52;181;2629;2010;1204;1054;8116
315160:MG-PLANURA;8;23;27;58;161;340;493;188;1298
315170:MG-POCO FUNDO;11;335;2;15;541;345;368;147;1764
315180:MG-POCOS DE CALDAS;118;8821;661;1864;10588;17749;6117;861;46779
315190:MG-POCRANE;0;3;8;1;147;70;122;40;391
315200:MG-POMPEU;80;1328;11;37;1165;1013;1122;894;5650
315210:MG-PONTE NOVA;19;3199;11;841;4690;4926;1984;729;16399
315213:MG-PONTO CHIQUE;0;1;0;24;44;9;301;34;413
315217:MG-PONTO DOS VOLANTES;3;3;0;2;107;78;476;45;714
315220:MG-PORTEIRINHA;2;150;3;71;729;676;770;119;2520
315230:MG-PORTO FIRME;7;17;0;37;176;55;161;60;513
315240:MG-POTE;9;27;0;64;160;175;539;91;1065
315250:MG-POUSO ALEGRE;135;12946;74;1420;11031;20370;3897;539;50412
315260:MG-POUSO ALTO;0;721;0;1;131;204;209;298;1564
315270:MG-PRADOS;95;951;4;0;206;206;258;63;1783
315280:MG-PRATA;61;1088;8;32;1429;846;722;2329;6515
315290:MG-PRATAPOLIS;56;97;29;8;174;293;311;96;1064
315300:MG-PRATINHA;0;13;1;18;81;52;130;183;478
315310:MG-PRESIDENTE BERNARDES;4;16;0;1;69;38;203;67;398
315320:MG-PRESIDENTE JUSCELINO;29;22;0;5;21;65;240;113;495
315330:MG-PRESIDENTE KUBITSCHEK;1;11;0;0;24;7;252;14;309
315340:MG-PRESIDENTE OLEGARIO;1;201;0;5;500;548;433;1453;3141
315350:MG-ALTO JEQUITIBA;0;49;0;8;221;67;194;19;558
315360:MG-PRUDENTE DE MORAIS;9;282;10;27;294;250;334;59;1265
315370:MG-QUARTEL GERAL;0;13;0;4;47;37;138;98;337
315380:MG-QUELUZITO;1;3;0;0;50;11;110;65;240
315390:MG-RAPOSOS;167;28;0;0;177;194;231;7;804
315400:MG-RAUL SOARES;14;182;28;54;631;688;531;310;2438
315410:MG-RECREIO;0;91;12;12;217;115;454;82;983
315415:MG-REDUTO;38;41;0;185;75;82;147;89;657
315420:MG-RESENDE COSTA;39;171;0;19;378;237;334;109;1287
315430:MG-RESPLENDOR;9;72;0;29;488;479;587;81;1745
315440:MG-RESSAQUINHA;47;106;0;0;57;46;266;137;659
315445:MG-RIACHINHO;0;15;0;0;59;84;296;230;684
315450:MG-RIACHO DOS MACHADOS;370;0;0;357;22;131;306;155;1341
315460:MG-RIBEIRAO DAS NEVES;83;3419;30;1104;9489;6689;6251;61;27126
315470:MG-RIBEIRAO VERMELHO;40;113;0;7;183;203;190;25;761
315480:MG-RIO ACIMA;193;77;0;63;171;274;547;17;1342
315490:MG-RIO CASCA;12;119;10;12;506;409;647;419;2134
315500:MG-RIO DOCE;2;20;9;98;36;52;261;29;507
315510:MG-RIO DO PRADO;0;0;0;0;51;24;169;50;294
315520:MG-RIO ESPERA;0;9;0;0;32;47;211;9;308
315530:MG-RIO MANSO;1;103;0;25;116;54;184;33;516
315540:MG-RIO NOVO;5;159;8;27;167;175;348;116;1005
315550:MG-RIO PARANAIBA;0;217;0;17;461;382;543;4228;5848
315560:MG-RIO PARDO DE MINAS;0;65;0;6;403;303;932;130;1839
315570:MG-RIO PIRACICABA;642;651;0;12;314;291;440;145;2495
315580:MG-RIO POMBA;0;849;0;72;759;724;711;147;3262
315590:MG-RIO PRETO;18;39;4;13;108;96;258;86;622
315600:MG-RIO VERMELHO;1;12;0;1;199;145;328;34;720
315610:MG-RITAPOLIS;24;44;0;50;59;77;190;152;596
315620:MG-ROCHEDO DE MINAS;0;223;0;0;37;12;119;53;444
315630:MG-RODEIRO;1;2730;7;27;219;483;179;21;3667
315640:MG-ROMARIA;0;22;0;2;148;49;179;464;864
315645:MG-ROSARIO DA LIMEIRA;0;157;0;4;70;34;307;14;586
315650:MG-RUBELITA;37;0;0;0;28;43;303;47;458
315660:MG-RUBIM;0;11;0;0;119;59;308;148;645
315670:MG-SABARA;2001;3711;305;351;3027;6953;3432;61;19841
315680:MG-SABINOPOLIS;81;76;59;6;228;271;354;155;1230
315690:MG-SACRAMENTO;10;1731;41;105;1028;1554;999;1387;6855
315700:MG-SALINAS;32;598;0;263;1664;1576;1069;144;5346
315710:MG-SALTO DA DIVISA;148;4;0;0;57;82;206;155;652
315720:MG-SANTA BARBARA;1708;274;3;44;1328;1860;816;181;6214
315725:MG-SANTA BARBARA DO LESTE;5;15;0;7;172;61;206;33;499
315727:MG-SANTA BARBARA DO MONTE VERDE;6;1;0;2;58;4;215;90;376
315730:MG-SANTA BARBARA DO TUGURIO;0;27;0;6;98;70;156;31;388
315733:MG-SANTA CRUZ DE MINAS;9;335;0;7;203;152;183;0;889
315737:MG-SANTA CRUZ DE SALINAS;0;0;0;0;39;9;229;2;279
315740:MG-SANTA CRUZ DO ESCALVADO;0;0;1;33;27;98;215;170;544
315750:MG-SANTA EFIGENIA DE MINAS;0;0;0;2;61;29;209;6;307
315760:MG-SANTA FE DE MINAS;0;0;0;1;22;8;193;148;372
315765:MG-SANTA HELENA DE MINAS;0;0;0;0;34;9;202;4;249
315770:MG-SANTA JULIANA;5;1162;0;2;521;649;491;929;3759
315780:MG-SANTA LUZIA;89;7486;225;949;6207;7907;3468;93;26424
315790:MG-SANTA MARGARIDA;0;16;0;3;208;186;318;35;766
315800:MG-SANTA MARIA DE ITABIRA;34;266;0;45;340;360;208;214;1467
315810:MG-SANTA MARIA DO SALTO;0;0;0;0;16;11;295;23;345
315820:MG-SANTA MARIA DO SUACUI;0;46;0;0;332;278;258;59;973
315830:MG-SANTANA DA VARGEM;0;175;0;31;222;298;181;592;1499
315840:MG-SANTANA DE CATAGUASES;0;70;0;0;34;38;192;25;359
315850:MG-SANTANA DE PIRAPAMA;1;28;0;0;82;36;316;95;558
315860:MG-SANTANA DO DESERTO;0;15;0;0;48;29;205;123;420
315870:MG-SANTANA DO GARAMBEU;0;0;0;0;22;6;144;41;213
315880:MG-SANTANA DO JACARE;8;262;1;3;65;77;159;27;602
315890:MG-SANTANA DO MANHUACU;4;4;0;3;121;242;208;83;665
315895:MG-SANTANA DO PARAISO;13;1731;352;235;1075;863;780;71;5120
315900:MG-SANTANA DO RIACHO;0;14;0;14;188;276;127;22;641
315910:MG-SANTANA DOS MONTES;0;27;0;14;15;48;142;50;296
315920:MG-SANTA RITA DE CALDAS;141;133;0;2;231;185;299;130;1121
315930:MG-SANTA RITA DE JACUTINGA;2;28;13;0;99;73;258;66;539
315935:MG-SANTA RITA DE MINAS;0;248;0;10;214;58;261;93;884
315940:MG-SANTA RITA DE IBITIPOCA;0;124;0;0;28;7;117;109;385
315950:MG-SANTA RITA DO ITUETO;142;3;0;13;60;18;193;51;480
315960:MG-SANTA RITA DO SAPUCAI;5;5707;0;312;1655;2718;1067;627;12091
315970:MG-SANTA ROSA DA SERRA;14;1;0;0;11;14;261;81;382
315980:MG-SANTA VITORIA;3;1156;139;38;639;571;527;724;3797
315990:MG-SANTO ANTONIO DO AMPARO;0;252;58;11;470;556;452;1035;2834
316000:MG-SANTO ANTONIO DO AVENTUREIRO;0;21;0;4;43;101;173;67;409
316010:MG-SANTO ANTONIO DO GRAMA;7;5;0;1;74;29;217;106;439
316020:MG-SANTO ANTONIO DO ITAMBE;0;0;0;0;32;7;187;59;285
316030:MG-SANTO ANTONIO DO JACINTO;0;1;0;11;42;44;398;19;515
316040:MG-SANTO ANTONIO DO MONTE;12;1639;8;68;1068;1086;870;503;5254
316045:MG-SANTO ANTONIO DO RETIRO;18;0;0;0;29;7;218;4;276
316050:MG-SANTO ANTONIO DO RIO ABAIXO;0;0;0;0;22;4;126;4;156
316060:MG-SANTO HIPOLITO;0;12;0;2;21;7;153;167;362
316070:MG-SANTOS DUMONT;11;998;4;194;1615;1860;1308;118;6108
316080:MG-SAO BENTO ABADE;0;14;0;9;66;29;128;111;357
316090:MG-SAO BRAS DO SUACUI;11;29;1;1;91;167;93;19;412
316095:MG-SAO DOMINGOS DAS DORES;0;2;0;6;83;395;234;161;881
316100:MG-SAO DOMINGOS DO PRATA;19;300;0;30;542;478;441;166;1976
316105:MG-SAO FELIX DE MINAS;0;8;0;15;51;11;205;15;305
316110:MG-SAO FRANCISCO;13;141;0;63;995;599;1442;311;3564
316120:MG-SAO FRANCISCO DE PAULA;3;126;0;7;199;194;108;226;863
316130:MG-SAO FRANCISCO DE SALES;0;101;0;21;140;74;247;210;793
316140:MG-SAO FRANCISCO DO GLORIA;0;10;0;9;82;43;264;86;494
316150:MG-SAO GERALDO;37;1710;0;10;240;150;226;82;2455
316160:MG-SAO GERALDO DA PIEDADE;0;0;0;0;33;11;163;18;225
316165:MG-SAO GERALDO DO BAIXIO;16;0;0;19;28;33;111;37;244
316170:MG-SAO GONCALO DO ABAETE;17;41;0;98;182;352;378;338;1406
316180:MG-SAO GONCALO DO PARA;6;1158;0;5;284;145;190;148;1936
316190:MG-SAO GONCALO DO RIO ABAIXO;1698;236;0;1086;749;816;920;145;5650
316200:MG-SAO GONCALO DO SAPUCAI;10;1152;8;24;957;1209;653;903;4916
316210:MG-SAO GOTARDO;7;519;0;179;2082;1636;528;2800;7751
316220:MG-SAO JOAO BATISTA DO GLORIA;15;86;15;34;180;151;374;415;1270
316225:MG-SAO JOAO DA LAGOA;0;12;0;0;10;7;212;64;305
316230:MG-SAO JOAO DA MATA;0;6;0;2;54;17;188;43;310
316240:MG-SAO JOAO DA PONTE;0;104;0;10;163;120;523;671;1591
316245:MG-SAO JOAO DAS MISSOES;0;0;0;0;37;8;360;0;405
316250:MG-SAO JOAO DEL REI;99;2391;154;1031;5974;7964;1895;497;20005
316255:MG-SAO JOAO DO MANHUACU;19;37;0;0;195;107;509;87;954
316257:MG-SAO JOAO DO MANTENINHA;3;511;0;12;152;56;215;19;968
316260:MG-SAO JOAO DO ORIENTE;10;137;0;14;113;57;342;19;692
316265:MG-SAO JOAO DO PACUI;0;0;0;0;10;3;255;7;275
316270:MG-SAO JOAO DO PARAISO;11;363;0;8;423;624;751;133;2313
316280:MG-SAO JOAO EVANGELISTA;1;78;24;74;444;237;268;91;1217
316290:MG-SAO JOAO NEPOMUCENO;0;2285;0;40;833;909;779;179;5025
316292:MG-SAO JOAQUIM DE BICAS;5;2695;0;67;697;1545;1039;58;6106
316294:MG-SAO JOSE DA BARRA;42;41;126;24;220;244;253;423;1373
316295:MG-SAO JOSE DA LAPA;19;2316;10;161;553;644;1051;229;4983
316300:MG-SAO JOSE DA SAFIRA;76;0;0;0;62;16;200;30;384
316310:MG-SAO JOSE DA VARGINHA;1;2;0;0;44;24;261;420;752
316320:MG-SAO JOSE DO ALEGRE;1;64;0;0;66;37;122;20;310
316330:MG-SAO JOSE DO DIVINO;0;1;0;1;20;20;213;29;284
316340:MG-SAO JOSE DO GOIABAL;0;8;0;1;105;71;319;65;569
316350:MG-SAO JOSE DO JACURI;1;158;0;5;60;26;199;7;456
316360:MG-SAO JOSE DO MANTIMENTO;0;0;0;0;34;9;130;0;173
316370:MG-SAO LOURENCO;5;672;4;232;3409;4442;1628;56;10448
316380:MG-SAO MIGUEL DO ANTA;0;17;0;13;97;60;152;26;365
316390:MG-SAO PEDRO DA UNIAO;0;24;0;11;99;68;212;114;528
316400:MG-SAO PEDRO DOS FERROS;0;418;0;0;203;124;212;163;1120
316410:MG-SAO PEDRO DO SUACUI;0;74;0;10;75;28;141;30;358
316420:MG-SAO ROMAO;1;4;0;3;106;27;303;240;684
316430:MG-SAO ROQUE DE MINAS;0;275;0;1;248;261;161;280;1226
316440:MG-SAO SEBASTIAO DA BELA VISTA;14;298;0;296;318;187;338;238;1689
316443:MG-SAO SEBASTIAO DA VARGEM ALEGRE;0;1;0;4;35;14;222;6;282
316447:MG-SAO SEBASTIAO DO ANTA;0;11;0;17;67;56;276;55;482
316450:MG-SAO SEBASTIAO DO MARANHAO;0;8;0;5;105;26;229;6;379
316460:MG-SAO SEBASTIAO DO OESTE;7;2965;1;5;149;198;161;435;3921
316470:MG-SAO SEBASTIAO DO PARAISO;64;4798;2;446;3922;4667;1824;1661;17384
316480:MG-SAO SEBASTIAO DO RIO PRETO;2;0;0;0;15;3;181;7;208
316490:MG-SAO SEBASTIAO DO RIO VERDE;3;98;0;2;34;15;163;35;350
316500:MG-SAO TIAGO;29;489;0;38;302;366;317;144;1685
316510:MG-SAO TOMAS DE AQUINO;0;318;0;23;149;74;251;471;1286
316520:MG-SAO THOME DAS LETRAS;556;58;0;1;93;197;105;114;1124
316530:MG-SAO VICENTE DE MINAS;3;506;0;22;213;148;261;510;1663
316540:MG-SAPUCAI-MIRIM;1;379;0;0;156;336;248;169;1289
316550:MG-SARDOA;0;23;0;5;154;52;69;19;322
316553:MG-SARZEDO;497;1557;93;804;871;2590;1490;116;8018
316555:MG-SETUBINHA;1;3;0;0;51;27;231;21;334
316556:MG-SEM-PEIXE;4;0;0;20;23;15;199;4;265
316557:MG-SENADOR AMARAL;0;3;0;1;93;39;295;439;870
316560:MG-SENADOR CORTES;0;105;0;0;25;9;151;52;342
316570:MG-SENADOR FIRMINO;0;141;15;16;209;122;235;36;774
316580:MG-SENADOR JOSE BENTO;0;15;0;0;5;17;192;6;235
316590:MG-SENADOR MODESTINO GONCALVES;29;23;0;0;39;78;186;28;383
316600:MG-SENHORA DE OLIVEIRA;0;48;1;0;81;73;171;69;443
316610:MG-SENHORA DO PORTO;0;22;0;0;14;18;176;49;279
316620:MG-SENHORA DOS REMEDIOS;0;18;0;110;197;83;284;12;704
316630:MG-SERICITA;0;1;0;45;85;40;323;4;498
316640:MG-SERITINGA;0;101;2;0;47;38;142;15;345
316650:MG-SERRA AZUL DE MINAS;0;0;0;0;21;10;285;20;336
316660:MG-SERRA DA SAUDADE;0;0;0;0;1;4;119;54;178
316670:MG-SERRA DOS AIMORES;21;204;0;0;74;93;302;173;867
316680:MG-SERRA DO SALITRE;404;67;0;246;411;244;502;1314;3188
316690:MG-SERRANIA;0;170;0;7;151;149;288;300;1065
316695:MG-SERRANOPOLIS DE MINAS;1;0;0;0;20;10;197;17;245
316700:MG-SERRANOS;0;2;0;0;9;12;82;112;217
316710:MG-SERRO;3;104;0;9;562;481;545;279;1983
316720:MG-SETE LAGOAS;133;18283;634;2285;12497;19219;4390;495;57936
316730:MG-SILVEIRANIA;0;22;0;1;16;17;196;56;308
316740:MG-SILVIANOPOLIS;0;303;0;0;74;123;216;305;1021
316750:MG-SIMAO PEREIRA;3;40;7;12;20;147;161;86;476
316760:MG-SIMONESIA;18;22;0;10;255;182;397;20;904
316770:MG-SOBRALIA;0;34;0;0;83;22;246;29;414
316780:MG-SOLEDADE DE MINAS;26;65;12;0;50;111;193;107;564
316790:MG-TABULEIRO;1;129;0;1;60;96;137;73;497
316800:MG-TAIOBEIRAS;24;421;2;75;1298;1242;933;304;4299
316805:MG-TAPARUBA;10;29;12;0;24;12;290;44;421
316810:MG-TAPIRA;819;29;0;443;54;17;325;292;1979
316820:MG-TAPIRAI;0;0;0;0;4;6;114;131;255
316830:MG-TAQUARACU DE MINAS;22;19;0;21;29;50;174;100;415
316840:MG-TARUMIRIM;0;100;1;23;235;176;770;88;1393
316850:MG-TEIXEIRAS;0;121;0;42;319;176;403;164;1225
316860:MG-TEOFILO OTONI;14;967;495;2993;7031;10273;3613;740;26126
316870:MG-TIMOTEO;52;6324;10;619;3014;4512;2083;10;16624
316880:MG-TIRADENTES;15;173;0;29;365;1024;290;17;1913
316890:MG-TIROS;0;349;0;0;110;103;162;320;1044
316900:MG-TOCANTINS;30;960;25;18;565;525;414;126;2663
316905:MG-TOCOS DO MOJI;0;18;0;2;43;16;204;19;302
316910:MG-TOLEDO;0;96;0;15;131;149;313;11;715
316920:MG-TOMBOS;1;34;3;8;188;228;224;133;819
316930:MG-TRES CORACOES;90;4631;9;285;3748;4376;1361;1297;15797
316935:MG-TRES MARIAS;5;1234;23;488;1169;1769;1263;495;6446
316940:MG-TRES PONTAS;0;3708;90;306;3384;2438;1384;2691;14001
316950:MG-TUMIRITINGA;2;25;0;0;49;13;258;69;416
316960:MG-TUPACIGUARA;0;1270;22;38;936;806;696;1280;5048
316970:MG-TURMALINA;0;446;3;22;619;983;661;434;3168
316980:MG-TURVOLANDIA;0;183;0;1;114;62;233;226;819
316990:MG-UBA;44;12198;43;537;5383;6878;1189;220;26492
317000:MG-UBAI;0;0;0;6;104;37;480;18;645
317005:MG-UBAPORANGA;0;110;0;8;260;173;372;80;1003
317010:MG-UBERABA;184;16761;1056;4300;18673;34579;10046;3202;88801
317020:MG-UBERLANDIA;154;27084;2462;10262;46801;105787;16862;6031;215443
317030:MG-UMBURATIBA;0;17;0;0;11;3;204;45;280
317040:MG-UNAI;44;1287;160;430;5431;4433;2291;2869;16945
317043:MG-UNIAO DE MINAS;0;3;0;3;58;46;170;279;559
317047:MG-URUANA DE MINAS;0;5;0;0;63;9;210;51;338
317050:MG-URUCANIA;0;1951;0;26;171;101;341;665;3255
317052:MG-URUCUIA;0;0;0;0;111;73;479;101;764
317057:MG-VARGEM ALEGRE;2;122;0;1;119;53;223;27;547
317060:MG-VARGEM BONITA;0;10;0;5;38;18;165;117;353
317065:MG-VARGEM GRANDE DO RIO PARDO;22;19;0;0;23;18;255;4;341
317070:MG-VARGINHA;60;7380;10;1927;9743;16811;4131;1253;41315
317075:MG-VARJAO DE MINAS;55;18;0;8;168;123;251;557;1180
317080:MG-VARZEA DA PALMA;42;1876;13;34;941;751;1099;863;5619
317090:MG-VARZELANDIA;0;1;0;4;220;85;601;12;923
317100:MG-VAZANTE;1075;690;3;199;900;944;518;317;4646
317103:MG-VERDELANDIA;0;0;0;0;55;42;365;467;929
317107:MG-VEREDINHA;0;38;1;182;83;96;261;281;942
317110:MG-VERISSIMO;0;54;0;0;32;27;160;225;498
317115:MG-VERMELHO NOVO;1;7;7;0;59;26;194;10;304
317120:MG-VESPASIANO;2;3899;4;2060;3160;6368;4596;105;20194
317130:MG-VICOSA;4;1598;190;850;4162;7561;5146;275;19786
317140:MG-VIEIRAS;0;7;3;3;40;10;213;51;327
317150:MG-MATHIAS LOBATO;0;0;0;3;13;309;204;62;591
317160:MG-VIRGEM DA LAPA;1;27;0;13;102;238;202;18;601
317170:MG-VIRGINIA;0;290;0;6;162;421;151;96;1126
317180:MG-VIRGINOPOLIS;0;56;0;1;304;266;164;59;850
317190:MG-VIRGOLANDIA;0;0;0;0;33;20;192;9;254
317200:MG-VISCONDE DO RIO BRANCO;11;5390;0;227;1533;2277;1152;183;10773
317210:MG-VOLTA GRANDE;0;93;0;0;66;253;172;132;716
317220:MG-WENCESLAU BRAZ;4;108;0;0;15;14;79;40;260
Total;64898;763115;42141;278129;939311;1634665;846967;245648;4814874

Seleções vigentes
Variável;Critério;Valor
Ano;igual a;2020
Vínculo Ativo 31/12;igual a;Sim
